StreetName,StreetType,PostDirection
ACME,ALY,
ACORN,ALY,
ALERT,ALY,
AMITY,ALY,
ANGELOS,ALY,
ANGLO,ALY,
ARGENT,ALY,
ATTRIDGE,ALY,
AUGUST,ALY,
AVOCA,ALY,
BAXTER,ALY,
BENGAL,ALY,
BERGEN,ALY,
BOB KAUFMAN,ALY,
BRANT,ALY,
CARD,ALY,
CLARION,ALY,
COOPER,ALY,
COPPER,ALY,
CUBA,ALY,
DECKER,ALY,
DICHA,ALY,
DIXIE,ALY,
DORIC,ALY,
DRUMMOND,ALY,
DUNCOMBE,ALY,
DUNNES,ALY,
ELIM,ALY,
FISHER,ALY,
GATUN,ALY,
GERKE,ALY,
GLOBE,ALY,
HARLEM,ALY,
HOBART,ALY,
HODGES,ALY,
HOOKER,ALY,
HULBERT,ALY,
ICEHOUSE,ALY,
IMPERIAL,ALY,
IRON,ALY,
JACK KEROUAC,ALY,
JACK LONDON,ALY,
JACK MICHELINE,ALY,
JEROME,ALY,
KENNY,ALY,
KEYES,ALY,
LASSEN,ALY,
LUDLOW,ALY,
LULU,ALY,
MABEL,ALY,
MALDEN,ALY,
MORGAN,ALY,
MULFORD,ALY,
NOBLES,ALY,
OPHIR,ALY,
ORANGE,ALY,
OSAGE,ALY,
OSCAR,ALY,
PARKHURST,ALY,
PINK,ALY,
PINO,ALY,
REDFIELD,ALY,
ROCK,ALY,
ROSS,ALY,
SAINT GEORGE,ALY,
SAINT LOUIS,ALY,
SCHOOL,ALY,
SCOTT,ALY,
SHAW,ALY,
SLOAN,ALY,
TRADER VIC,ALY,
TROY,ALY,
TULIP,ALY,
TUSCANY,ALY,
VENARD,ALY,
WAGNER,ALY,
WALDO,ALY,
02ND,AVE,
03RD,AVE,
04TH,AVE,
05TH,AVE,
06TH,AVE,
06TH HP,AVE,
07TH,AVE,
08TH,AVE,
09TH,AVE,
10TH,AVE,
11TH,AVE,
12TH,AVE,
14TH,AVE,
15TH,AVE,
16TH,AVE,
17TH,AVE,
18TH,AVE,
19TH,AVE,
20TH,AVE,
21ST,AVE,
22ND,AVE,
23RD,AVE,
24TH,AVE,
25TH,AVE,
26TH,AVE,
27TH,AVE,
28TH,AVE,
29TH,AVE,
30TH,AVE,
31ST,AVE,
32ND,AVE,
33RD,AVE,
34TH,AVE,
35TH,AVE,
36TH,AVE,
37TH,AVE,
38TH,AVE,
39TH,AVE,
40TH,AVE,
41ST,AVE,
42ND,AVE,
43RD,AVE,
44TH,AVE,
45TH,AVE,
46TH,AVE,
47TH,AVE,
48TH,AVE,
ACACIA,AVE,
ACEVEDO,AVE,
ADMIRAL,AVE,
AGNON,AVE,
ALOHA,AVE,
ALTON,AVE,
AMAZON,AVE,
ANZA,AVE,
ANZAVISTA,AVE,
APPLETON,AVE,
APTOS,AVE,
ARELLANO,AVE,
ARGONAUT,AVE,
ARLETA,AVE,
ARMSTRONG,AVE,
ARNOLD,AVE,
ARTHUR,AVE,
ASHTON,AVE,
AVALON,AVE,
BALCETA,AVE,
BANCROFT,AVE,
BARCELONA,AVE,
BARNARD,AVE,
BARNEVELD,AVE,
BEAUMONT,AVE,
BEHR,AVE,
BELGRAVE,AVE,
BELLE,AVE,
BELLEVUE,AVE,
BELMONT,AVE,
BENTON,AVE,
BIGLER,AVE,
BITTING,AVE,
BLANKEN,AVE,
BLYTHDALE,AVE,
BRAZIL,AVE,
BRENTWOOD,AVE,
BRIGHTON,AVE,
BROMPTON,AVE,
BROOKDALE,AVE,
BRUCE,AVE,
BURKE,AVE,
BURNETT,AVE,
BURNSIDE,AVE,
BURR,AVE,
CAINE,AVE,
CALIFORNIA,AVE,
CAMELLIA,AVE,
CAMPBELL,AVE,
CAPISTRANO,AVE,
CAPITOL,AVE,
CARDENAS,AVE,
CARROLL,AVE,
CASELLI,AVE,
CASITAS,AVE,
CASTELO,AVE,
CASTENADA,AVE,
CASTLE MANOR,AVE,
CAYUGA,AVE,
CECILIA,AVE,
CEDRO,AVE,
CENTRAL,AVE,
CERRITOS,AVE,
CHARTER OAK,AVE,
CHAVES,AVE,
CHESTER,AVE,
CHILTON,AVE,
CIRCULAR,AVE,
CLARENDON,AVE,
CLEO RAND,AVE,
COLLEGE,AVE,
COLON,AVE,
COLUMBUS,AVE,
COMMONWEALTH,AVE,
CORBETT,AVE,
CORTES,AVE,
CORTLAND,AVE,
COSO,AVE,
CRAGMONT,AVE,
CRESCENT,AVE,
CRISSY FIELD,AVE,
CUSTER,AVE,
CUTLER,AVE,
DAVIDSON,AVE,
DE MONTFORT,AVE,
DEL SUR,AVE,
DEL VALE,AVE,
DELANO,AVE,
DELLBROOK,AVE,
DIAZ,AVE,
DONNER,AVE,
DORANTES,AVE,
DORMAN,AVE,
DUBOCE,AVE,
EDGAR,AVE,
EDGEWOOD,AVE,
EGBERT,AVE,
ELLINGTON,AVE,
ENCANTO,AVE,
ESCONDIDO,AVE,
ESMERALDA,AVE,
ESTERO,AVE,
EUCLID,AVE,
EUGENIA,AVE,
EVANS,AVE,
EXCELSIOR,AVE,
FAIR,AVE,
FAIRFAX,AVE,
FARRAGUT,AVE,
FAXON,AVE,
FELIX,AVE,
FISHER,AVE,
FITZGERALD,AVE,
FLOOD,AVE,
FLORENTINE,AVE,
FOOTE,AVE,
FOREST SIDE,AVE,
FORTUNA,AVE,
FOWLER,AVE,
FRANCE,AVE,
FUENTE,AVE,
FUNSTON,AVE,
GALINDO,AVE,
GALVEZ,AVE,
GARCIA,AVE,
GARRISON,AVE,
GATEVIEW,AVE,
GENERAL KENNEDY,AVE,
GENEVA,AVE,
GILLETTE,AVE,
GILMAN,AVE,
GLENBROOK,AVE,
GOLDEN GATE,AVE,
GOLETA,AVE,
GORGAS,AVE,
GRAFTON,AVE,
GRANADA,AVE,
GRAND VIEW,AVE,
GRANT,AVE,
GREENOUGH,AVE,
GREENWOOD,AVE,
HAMERTON,AVE,
HARDIE,AVE,
HARKNESS,AVE,
HAROLD,AVE,
HAZELWOOD,AVE,
HEALY,AVE,
HEARST,AVE,
HEATHER,AVE,
HERNANDEZ,AVE,
HESTER,AVE,
HEYMAN,AVE,
HIGHLAND,AVE,
HIGUERA,AVE,
HILIRITAS,AVE,
HILL POINT,AVE,
HILLWAY,AVE,
HOFFMAN,AVE,
HOLLADAY,AVE,
HOLLISTER,AVE,
HOLLOWAY,AVE,
HOPKINS,AVE,
HORNE,AVE,
HUDSON,AVE,
HURON,AVE,
IDORA,AVE,
IGNACIO,AVE,
INGERSON,AVE,
INNES,AVE,
IRIS,AVE,
ISSLEIB,AVE,
ITALY,AVE,
JAMESTOWN,AVE,
JARBOE,AVE,
JERROLD,AVE,
JOOST,AVE,
JORDAN,AVE,
JOSEPHA,AVE,
JOSIAH,AVE,
JUDSON,AVE,
JULES,AVE,
JULIAN,AVE,
KELLOCH,AVE,
KEMPTON,AVE,
KEY,AVE,
KEYES,AVE,
KIRKWOOD,AVE,
KOBBE,AVE,
LA GRANDE,AVE,
LA SALLE,AVE,
LAKEVIEW,AVE,
LAKEWOOD,AVE,
LANSDALE,AVE,
LATHROP,AVE,
LAWRENCE,AVE,
LE CONTE,AVE,
LEE,AVE,
LELAND,AVE,
LIGGETT,AVE,
LINARES,AVE,
LIPPARD,AVE,
LOCKSLEY,AVE,
LOMITA,AVE,
LONG,AVE,
LOPEZ,AVE,
LUPINE,AVE,
LYDIA,AVE,
MACARTHUR,AVE,
MADDUX,AVE,
MADRONE,AVE,
MAGELLAN,AVE,
MAJESTIC,AVE,
MANGELS,AVE,
MANZANITA,AVE,
MARCELA,AVE,
MARGARET,AVE,
MARNE,AVE,
MARSTON,AVE,
MARTHA,AVE,
MASONIC,AVE,
MCCARTHY,AVE,
MCDOWELL,AVE,
MCKINLEY,AVE,
MCKINNON,AVE,
MCLAREN,AVE,
MEADE,AVE,
MEDA,AVE,
MELBA,AVE,
MELROSE,AVE,
MENDOSA,AVE,
MERCED,AVE,
MESA,AVE,
MIRABEL,AVE,
MIRAMAR,AVE,
MODOC,AVE,
MONTALVO,AVE,
MONTECITO,AVE,
MORAGA,AVE,
MOUNT VERNON,AVE,
MOUNTAIN SPRING,AVE,
MULLEN,AVE,
NAGLEE,AVE,
NAHUA,AVE,
NANTUCKET,AVE,
NAVAJO,AVE,
NELSON,AVE,
NEWCOMB,AVE,
NIAGARA,AVE,
NIANTIC,AVE,
NIDO,AVE,
NIMITZ,AVE,
NORTH 15TH,AVE,
NUEVA,AVE,
OAKDALE,AVE,
OCEAN,AVE,
OGDEN,AVE,
OLNEY,AVE,
OLORAN,AVE,
ONEIDA,AVE,
ONONDAGA,AVE,
OREILLY,AVE,
ORIZABA,AVE,
OTEGA,AVE,
OTSEGO,AVE,
OTTAWA,AVE,
PACIFIC,AVE,
PALM,AVE,
PALMETTO,AVE,
PALO ALTO,AVE,
PALOMA,AVE,
PALOU,AVE,
PARADISE,AVE,
PARK HILL,AVE,
PARKER,AVE,
PARNASSUS,AVE,
PAUL,AVE,
PENINSULA,AVE,
PENNSYLVANIA,AVE,
PERALTA,AVE,
PERASTO,AVE,
PERSIA,AVE,
PERU,AVE,
PETERS,AVE,
PICO,AVE,
PILGRIM,AVE,
PINTO,AVE,
PLYMOUTH,AVE,
POINT LOBOS,AVE,
POTRERO,AVE,
POWERS,AVE,
POWHATTAN,AVE,
PRECITA,AVE,
PRESIDIO,AVE,
PROSPECT,AVE,
PULASKI,AVE,
QUEBEC,AVE,
QUESADA,AVE,
RAE,AVE,
RALSTON,AVE,
RAMONA,AVE,
RAYMOND,AVE,
REVERE,AVE,
REX,AVE,
RICHARDSON,AVE,
RICHLAND,AVE,
RICHTER,AVE,
RIDGEWOOD,AVE,
RILEY,AVE,
RIVAS,AVE,
ROBBLEE,AVE,
ROCKAWAY,AVE,
ROSSI,AVE,
RUCKMAN,AVE,
RUDDEN,AVE,
RUSSIA,AVE,
SAINT CHARLES,AVE,
SAINT GERMAIN,AVE,
SAINT JOSEPHS,AVE,
SAINT MARYS,AVE,
SALINAS,AVE,
SAMPSON,AVE,
SAN ALESO,AVE,
SAN ANSELMO,AVE,
SAN BRUNO,AVE,
SAN DIEGO,AVE,
SAN FELIPE,AVE,
SAN GABRIEL,AVE,
SAN JOSE,AVE,
SAN JUAN,AVE,
SAN LUIS,AVE,
SAN MARCOS,AVE,
SAN PABLO,AVE,
SANTA ANA,AVE,
SANTA BARBARA,AVE,
SANTA CLARA,AVE,
SANTA CRUZ,AVE,
SANTA FE,AVE,
SANTA PAULA,AVE,
SANTA RITA,AVE,
SANTA ROSA,AVE,
SANTA YNEZ,AVE,
SANTA YSABEL,AVE,
SCOTIA,AVE,
SEACLIFF,AVE,
SEMINOLE,AVE,
SENECA,AVE,
SHAFTER,AVE,
SHAWNEE,AVE,
SHERIDAN,AVE,
SHORE VIEW,AVE,
SHOUP,AVE,
SICKLES,AVE,
SILVER,AVE,
SOLA,AVE,
SOTELO,AVE,
SOUTH VAN NESS,AVE,
SOUTHERN HEIGHTS,AVE,
SPEAR,AVE,
STANDISH,AVE,
STANFORD HEIGHTS,AVE,
STAPLES,AVE,
STILLINGS,AVE,
STONEYBROOK,AVE,
STONEYFORD,AVE,
STOREY,AVE,
SUMNER,AVE,
SUNNYDALE,AVE,
SUTRO HEIGHTS,AVE,
SWISS,AVE,
TEDDY,AVE,
TERRA VISTA,AVE,
THOMAS,AVE,
THOR,AVE,
THORNTON,AVE,
TIFFANY,AVE,
TIOGA,AVE,
TOCOLOMA,AVE,
TOMPKINS,AVE,
TOPEKA,AVE,
TORNEY,AVE,
TOWERSIDE,AVE,
TREAT,AVE,
TUCKER,AVE,
TUNNEL,AVE,
UNDERWOOD,AVE,
UPTON,AVE,
VALDEZ,AVE,
VALE,AVE,
VAN DYKE,AVE,
VAN KEUREN,AVE,
VAN NESS,AVE,
VARELA,AVE,
VASQUEZ,AVE,
VELASCO,AVE,
VENTURA,AVE,
VIRGINIA,AVE,
VISITACION,AVE,
WALLACE,AVE,
WATT,AVE,
WEST PACIFIC,AVE,
WEST PORTAL,AVE,
WEST VIEW,AVE,
WHEELER,AVE,
WHIPPLE,AVE,
WILDE,AVE,
WILLIAMS,AVE,
WILLIAR,AVE,
WOODLAND,AVE,
WOODSIDE,AVE,
WORCESTER,AVE,
WYMAN,AVE,
YERBA BUENA,AVE,
YOSEMITE,AVE,
ZANOWITZ,AVE,
MARTIN,AVE,
BUENA VISTA,AVE,EAST
BURNETT,AVE,NORTH
BUENA VISTA,AVE,WEST
25TH,AVE,NORTH
ALEMANY,BLVD,
ARGUELLO,BLVD,
BAY SHORE,BLVD,
BERNAL HEIGHTS,BLVD,
CERVANTES,BLVD,
CLAREMONT,BLVD,
DEWEY,BLVD,
DIAMOND HEIGHTS,BLVD,
EXECUTIVE PARK,BLVD,
FONT,BLVD,
GEARY,BLVD,
HARRISON,BLVD,
HUNTERS POINT,BLVD,
JUNIPERO SERRA,BLVD,
LAGUNA HONDA,BLVD,
LAKE MERCED,BLVD,
LINCOLN,BLVD,
MARINA,BLVD,
MONTEREY,BLVD,
OSHAUGHNESSY,BLVD,
PARK,BLVD,
PARK PRESIDIO,BLVD,
PRESIDIO,BLVD,
SAINT FRANCIS,BLVD,
SKYLINE,BLVD,
SLOAT,BLVD,
SOUTH HILL,BLVD,
STANYAN,BLVD,
SUNSET,BLVD,
TELEGRAPH HILL,BLVD,
TERESITA,BLVD,
TERRY A FRANCOIS,BLVD,
TURK,BLVD,
TWIN PEAKS,BLVD,
WASHINGTON,BLVD,
MISSION BAY,BLVD,SOUTH
MISSION BAY,BLVD,NORTH
ATOLL,CIR,
BAYVIEW,CIR,
CLOUD,CIR,
GALEWOOD,CIR,
HOLLY PARK,CIR,
JUAN BAUTISTA,CIR,
LE CONTE,CIR,
LINDSAY,CIR,
MISSION BAY,CIR,
ORSI,CIR,
RICHARDS,CIR,
SCIENCE,CIR,
THOMAS MELLON,CIR,
WHITNEY YOUNG,CIR,
ADA,CT,
ADELE,CT,
ADOLPH SUTRO,CT,
ALBATROSS,CT,
ALMADEN,CT,
ARDATH,CT,
ASPEN,CT,
BAKER,CT,
BALDWIN,CT,
BALHI,CT,
BARRY,CT,
BASS,CT,
BAYWOOD,CT,
BELL,CT,
BIGELOW,CT,
BIRCHWOOD,CT,
BLACKSTONE,CT,
BLISS,CT,
BOWLEY,CT,
BOWMAN,CT,
BOYNTON,CT,
BYRON,CT,
CARPENTER,CT,
CASSANDRA,CT,
CATHERINE,CT,
CHARLTON,CT,
CHASE,CT,
CHINOOK,CT,
CLAIRVIEW,CT,
CLEARVIEW,CT,
CLEARY,CT,
COMMER,CT,
CORAL,CT,
COVENTRY,CT,
CRAGS,CT,
CRAIG,CT,
CRESCENT,CT,
CRESCIO,CT,
CROAKER,CT,
CROWN,CT,
CUESTA,CT,
DANIEL BURNHAM,CT,
DAVIS,CT,
DEDMAN,CT,
DICHIERA,CT,
DOLPHIN,CT,
DUKES,CT,
EL SERENO,CT,
EMMETT,CT,
ENCLINE,CT,
ENTRADA,CT,
ERKSON,CT,
FARVIEW,CT,
FLOUNDER,CT,
FRATESSA,CT,
FREDSON,CT,
FREEMAN,CT,
FRENCH,CT,
FRIENDSHIP,CT,
GAISER,CT,
GARLINGTON,CT,
GATEVIEW,CT,
GATEVIEW 1,CT,
GATEVIEW 2,CT,
GATEVIEW 3,CT,
GEORGE,CT,
GIBBON,CT,
GLEN,CT,
GLORIA,CT,
GOLDEN,CT,
GREELY,CT,
GREENVIEW,CT,
GREENWICH,CT,
HALIBUT,CT,
HALYBURTON,CT,
HILLCREST,CT,
HILLVIEW,CT,
HOLLAND,CT,
HOLLYWOOD,CT,
HOMEWOOD,CT,
HOWARD,CT,
HUTCHINS,CT,
INA,CT,
INNES,CT,
JAKEY,CT,
JASON,CT,
JENNINGS,CT,
JOSE SARRIA,CT,
KAMILLE,CT,
KAREN,CT,
KEPPLER,CT,
KNOTT,CT,
KRONQUIST,CT,
LAKE FOREST,CT,
LANGDON,CT,
LAS VILLAS,CT,
LAUREN,CT,
LEGION,CT,
LENDRUM,CT,
LESTER,CT,
LINCOLN,CT,
LONGVIEW,CT,
LORAINE,CT,
LUNADO,CT,
MABREY,CT,
MACALLA,CT,
MARIST,CT,
MARLIN,CT,
MARVEL,CT,
MASON,CT,
MATTHEW,CT,
MAXWELL,CT,
MCLEA,CT,
MCNAIR,CT,
MELRA,CT,
MERCATO,CT,
MILES,CT,
MONETA,CT,
MOUNTVIEW,CT,
MUIR,CT,
NADELL,CT,
NIBBI,CT,
NORTH VIEW,CT,
ORD,CT,
OZBOURN,CT,
PATTON,CT,
POPE,CT,
PRESCOTT,CT,
RAMSEL,CT,
RED LEAF,CT,
REEVES,CT,
REUEL,CT,
RIDGE,CT,
RIO,CT,
ROCKWOOD,CT,
ROSELLA,CT,
ROSEMARY,CT,
SCHOFIELD,CT,
SHAFTER,CT,
SHERWOOD,CT,
STERN GROVE,CT,
TALBERT,CT,
THOMAS,CT,
TOMASO,CT,
TORRENS,CT,
VALERTON,CT,
VALLETTA,CT,
VINTON,CT,
VISTA,CT,
VISTA VERDE,CT,
VISTA VIEW,CT,
WALKER,CT,
WESTBROOK,CT,
WESTON,CT,
WHITFIELD,CT,
WISSER,CT,
WOODHAVEN,CT,
WOOL,CT,
WRIGHT,CT,
YOUNG,CT,
AMBER,DR,
ARBALLO,DR,
ARELIOUS WALKER,DR,
ARMORY,DR,
AUTO,DR,
AUTOMOBILE,DR,
BANBURY,DR,
BAYSIDE,DR,
BEACHMONT,DR,
BOWLING GREEN,DR,
BRIDGEVIEW,DR,
BROADMOOR,DR,
BUCARELI,DR,
BURLWOOD,DR,
BURROWS,DR,
CALVERT,DR,
CAMBON,DR,
CANYON,DR,
CHAIN OF LAKES,DR,
CHRISTOPHER,DR,
CHUMASERO,DR,
CIELITO,DR,
CLEARFIELD,DR,
CONCOURSE,DR,
COUNTRY CLUB,DR,
CRANLEIGH,DR,
CRESPI,DR,
CRESTA VISTA,DR,
CRESTLAKE,DR,
CRESTLINE,DR,
CRESTMONT,DR,
CROSSOVER,DR,
DENSLOWE,DR,
EASTWOOD,DR,
ELMHURST,DR,
ESQUINA,DR,
EUCALYPTUS,DR,
EVERGLADE,DR,
EXPOSITION,DR,
FERNWOOD,DR,
FOREST KNOLLS,DR,
FOREST VIEW,DR,
GARCES,DR,
GARDENSIDE,DR,
GELLERT,DR,
GIANTS,DR,
GLADSTONE,DR,
GLENVIEW,DR,
GOLD MINE,DR,
GONZALEZ,DR,
GRIJALVA,DR,
HAGIWARA TEA GARDEN,DR,
HAVENSIDE,DR,
HILL,DR,
HUNTINGTON,DR,
INVERNESS,DR,
JOHN F KENNEDY,DR,
JOHN F SHELLEY,DR,
JOHN MUIR,DR,
JOHNSTONE,DR,
JUSTIN,DR,
KENDALL,DR,
KEZAR,DR,
LAGUNITAS,DR,
LAKESHORE,DR,
LEGION OF HONOR,DR,
LETTERMAN,DR,
LOS PALMOS,DR,
LYNDHURST,DR,
MAIN,DR,
MALTA,DR,
MANOR,DR,
MARIETTA,DR,
MARINA GREEN,DR,
MARINE,DR,
MARINER,DR,
MARTIN LUTHER KING JR,DR,
MAYFAIR,DR,
MAYWOOD,DR,
MEADOWBROOK,DR,
MEGAN,DR,
MIDDLE WEST,DR,
MIDDLEFIELD,DR,
MIRALOMA,DR,
MISSION BAY,DR,
MOLIMO,DR,
MONTE VISTA,DR,
MORNINGSIDE,DR,
MUSIC CONCOURSE,DR,
NANCY PELOSI,DR,
NAUTILUS,DR,
NIMITZ,DR,
NORTH,DR,
NORTHGATE,DR,
NORTHPOINT,DR,
NORTHWOOD,DR,
OAK PARK,DR,
OVERLOOK,DR,
PANORAMA,DR,
PARK PRESIDIO BYPASS,DR,
PARKRIDGE,DR,
PARQUE,DR,
PERSHING,DR,
PORTAL,DR,
PORTOLA,DR,
RACCOON,DR,
RAVENWOOD,DR,
RIVERTON,DR,
ROBINHOOD,DR,
ROBINSON,DR,
ROCKDALE,DR,
ROCKRIDGE,DR,
ROSEWOOD,DR,
ROSSMOOR,DR,
SADDLEBACK,DR,
SAINT CROIX,DR,
SEAL ROCK,DR,
SECOND,DR,
SERRANO,DR,
SILVERVIEW,DR,
SOUTH,DR,
SOUTHWOOD,DR,
SPRECKELS LAKE,DR,
SPRINGFIELD,DR,
STATE,DR,
STONECREST,DR,
STOW LAKE,DR,
STRATFORD,DR,
SUNVIEW,DR,
SYLVAN,DR,
TAPIA,DR,
TERRACE,DR,
THOMAS MELLON,DR,
TRANSVERSE,DR,
UPLAND,DR,
URBANO,DR,
VETERANS,DR,
VIDAL,DR,
WARREN,DR,
WESTGATE,DR,
WESTMOORLAND,DR,
WESTSIDE,DR,
WESTWOOD,DR,
WILLIE B KENNEDY,DR,
WINSTON,DR,
WOODACRE,DR,
YERBA BUENA,DR,
PALACE,DR,
CONSERVATORY,DR,EAST
FIRST,DR,EAST
CONSERVATORY,DR,WEST
FIRST,DR,WEST
HUNTERS POINT,EXPY,
KNOCKASH,HL,
GREAT,HWY,
AMATISTA,LN,
ARBOL,LN,
ASHWOOD,LN,
BEATRICE,LN,
BEEMAN,LN,
BERTHA,LN,
BERTIE MINOR,LN,
BLAIRWOOD,LN,
BLATCHFORD,LN,
BONNIE BRAE,LN,
BROOKHAVEN,LN,
BRUSH,LN,
CAMPUS,LN,
CANBY,LN,
CHANCERY,LN,
CHULA,LN,
CLARKE,LN,
CLAUDE,LN,
CLOVER,LN,
CORALINO,LN,
COVENTRY,LN,
DAVENPORT,LN,
EMERALD,LN,
EMERY,LN,
EMIL,LN,
FARNSWORTH,LN,
FAUNTLEROY,LN,
FENTON,LN,
FORSYTH,LN,
FREDELA,LN,
GALILEE,LN,
GALLAGHER,LN,
GIBBON,LN,
GLADIOLUS,LN,
GLENHAVEN,LN,
GOLDBERG,LN,
GOLDING,LN,
HARRIET,LN,
HAWKINS,LN,
HERITAGE,LN,
HILLSIDE,LN,
HITCHCOCK,LN,
ILS,LN,
INCA,LN,
ISADORA DUNCAN,LN,
KAPLAN,LN,
KEARNY,LN,
LAMSON,LN,
LANCASTER,LN,
LETTUCE,LN,
LOIS,LN,
LORI,LN,
LOTTIE BENNETT,LN,
LUNDYS,LN,
MACONDRAY,LN,
MAIDEN,LN,
MANDALAY,LN,
MARK,LN,
MCRAE,LN,
MENOHER,LN,
MERRIAM,LN,
MOORE,LN,
MOUNT,LN,
MURRAY,LN,
NAPIER,LN,
NELSON RISING,LN,
NIMITZ,LN,
NORTH HUGHES,LN,
NORTH VAN HORN,LN,
OAKHURST,LN,
OLD CHINATOWN,LN,
ONIQUE,LN,
OPALO,LN,
OSCEOLA,LN,
PEEK,LN,
PENNY,LN,
PIERPOINT,LN,
PINAR,LN,
POPPY,LN,
QUICKSTEP,LN,
RACINE,LN,
REBECCA,LN,
RIDGE,LN,
ROBERT KIRK,LN,
ROSA PARKS,LN,
ROSIE LEE,LN,
ROYAL,LN,
SAFIRA,LN,
SEAWELL,LN,
SIBERT,LN,
SMITH,LN,
SONORA,LN,
SOULE,LN,
SOUTH HUGHES,LN,
SOUTH VAN HORN,LN,
SPROULE,LN,
STONERIDGE,LN,
SUNBEAM,LN,
SUNGLOW,LN,
TAMPA,LN,
THORP,LN,
TOYON,LN,
TREAT,LN,
TURK MURPHY,LN,
VISTA,LN,
WESTERN SHORE,LN,
WYTON,LN,
YERBA BUENA,LN,
ZAMPA,LN,
PALM,LN,
STEUART,LN,
AMATURY,LOOP,
DOVE,LOOP,
EL POLIN,LOOP,
FISHER,LOOP,
MUIR,LOOP,
PIPER,LOOP,
SIBERT,LOOP,
SIMONDS,LOOP,
WRIGHT,LOOP,
CLINTON,PARK,
ELGIN,PARK,
PUBLIC,PARK,
FOREST HILL,PATH,
INGLESIDE,PATH,
PERIMETER,PATH,
PORTAL,PATH,
ALICE B TOKLAS,PL,
ANSON,PL,
ASHBURTON,PL,
BANNAN,PL,
BAYSIDE VILLAGE,PL,
BEDFORD,PL,
BELLAIR,PL,
BERWICK,PL,
BLACK,PL,
BOARDMAN,PL,
BREEN,PL,
BROMLEY,PL,
BROOKLYN,PL,
BRUSH,PL,
BURNS,PL,
BUTTE,PL,
CADELL,PL,
CAMPTON,PL,
CENTURY,PL,
CHARLES J BRENHAM,PL,
CHATHAM,PL,
CLARENCE,PL,
CODMAN,PL,
COHEN,PL,
COLIN,PL,
COLUSA,PL,
CORBIN,PL,
COSMO,PL,
COWELL,PL,
CUNNINGHAM,PL,
CUSTOM HOUSE,PL,
CYRUS,PL,
DARRELL,PL,
DAWSON,PL,
DELGADO,PL,
DIRK DIRKSEN,PL,
DOW,PL,
DR CARLTON B GOODLETT,PL,
EATON,PL,
EDGARDO,PL,
EL MIRASOL,PL,
EWER,PL,
EXCHANGE,PL,
FALLON,PL,
FARGO,PL,
FELLA,PL,
GENOA,PL,
GROTE,PL,
GUY,PL,
HARDIE,PL,
HARLAN,PL,
HARRIS,PL,
HIMMELMANN,PL,
HOTALING,PL,
JADE,PL,
JAMES,PL,
JASPER,PL,
JENNIFER,PL,
KENNEDY,PL,
KENNETH REXROTH,PL,
KIMBALL,PL,
KOHLER,PL,
KRAMER,PL,
KRAUSGRILL,PL,
LEROY,PL,
LICK,PL,
MALVINA,PL,
MARCY,PL,
MARGRAVE,PL,
MARION,PL,
MARK TWAIN,PL,
MEACHAM,PL,
MEDAU,PL,
MILLER,PL,
MONTAGUE,PL,
MOORE,PL,
MORRELL,PL,
NOB HILL,PL,
NOTTINGHAM,PL,
OPAL,PL,
ORBEN,PL,
OSGOOD,PL,
PAGODA,PL,
PALOS,PL,
PARAISO,PL,
PELTON,PL,
PEMBERTON,PL,
PERINE,PL,
PETRARCH,PL,
POLLARD,PL,
PRATT,PL,
RENO,PL,
RICHARD HENRY DANA,PL,
RONDEL,PL,
ROSEMONT,PL,
RUSSIAN HILL,PL,
SABIN,PL,
SAINT FRANCIS,PL,
SAN ANTONIO,PL,
SAROYAN,PL,
SECURITY PACIFIC,PL,
SHARP,PL,
SHEPHARD,PL,
SOUTHARD,PL,
STEVELOE,PL,
TABER,PL,
TELEGRAPH,PL,
TENNY,PL,
TILLMAN,PL,
TIMOTHY PFLUEGER,PL,
TREASURY,PL,
VARNEY,PL,
VASSAR,PL,
VER MEHR,PL,
VERDI,PL,
WALL,PL,
WALTER U LUM,PL,
WARNER,PL,
WATTSON,PL,
WAVERLY,PL,
WAYNE,PL,
WEBB,PL,
WENTWORTH,PL,
WINDSOR,PL,
WINTER,PL,
ZENO,PL,
ZIRCON,PL,
DR TOM WADDELL,PL,
LAKESHORE,PLZ,
MINT,PLZ,
UNITED NATIONS,PLZ,
ALEMANY BLVD OFF,RAMP,
BAY SHORE BLVD OFF,RAMP,
BAY SHORE BLVD ON,RAMP,
CESAR CHAVEZ ON,RAMP,
HWY 1 TO HWY 101 NORTHBOUND,RAMP,
HWY 1 TO HWY 101 SOUTHBOUND,RAMP,
HWY 101 N OFF,RAMP,
HWY 101 N ON,RAMP,
HWY 101 NORTHBOUND,RAMP,
HWY 101 S OFF,RAMP,
HWY 101 S ON,RAMP,
HWY 101 SOUTHBOUND,RAMP,
HWY 101 TO HWY 1,RAMP,
HWY 101 TO I-280,RAMP,
HWY 101 TO I-80,RAMP,
I-280 N OFF,RAMP,
I-280 N ON,RAMP,
I-280 S OFF,RAMP,
I-280 S ON,RAMP,
I-280 TO HWY 101,RAMP,
I-80 E OFF,RAMP,
I-80 E ON,RAMP,
I-80 TO HWY 101,RAMP,
I-80 W OFF,RAMP,
I-80 W ON,RAMP,
INDUSTRIAL ST OFF,RAMP,
INDUSTRIAL ST ON,RAMP,
JUNIPERO SERRA BLVD OFF,RAMP,
JUNIPERO SERRA BLVD ON,RAMP,
SAN BRUNO AV OFF,RAMP,
SAN BRUNO AV ON,RAMP,
SAN JOSE AV OFF,RAMP,
SAN JOSE AV ON,RAMP,
SUNSET BLVD OFF,RAMP,
SUNSET BLVD ON,RAMP,
ARMISTEAD,RD,
BATTERY BLANEY,RD,
BATTERY CAULFIELD,RD,
BATTERY CHAMBERLIN,RD,
BATTERY CRANSTON,RD,
BATTERY CROSBY,RD,
BATTERY DYNAMITE,RD,
BATTERY EAST,RD,
BATTERY SAFFORD,RD,
BATTERY WAGNER,RD,
BAYVIEW PARK,RD,
BERCUT ACCESS,RD,
BIRMINGHAM,RD,
BLISS,RD,
CENTRAL MAGAZINE,RD,
CHRISTMAS TREE POINT,RD,
CHURCH ACCESS,RD,
COMPTON,RD,
CONSERVATORY ACCESS,RD,
CORAL,RD,
CRISP,RD,
DEEMS,RD,
DEWITT,RD,
DORMITORY,RD,
DUDLEY,RD,
DUTCH WINDMILL ACCESS,RD,
EAST,RD,
EAST BEACH,RD,
EAST FORT MILEY,RD,
EDIE,RD,
FELL ACCESS,RD,
FINLEY,RD,
FOREST,RD,
FORT FUNSTON,RD,
FUNSTON,RD,
GARDENER,RD,
GIBSON,RD,
GIRARD,RD,
GOLF COURSE ACCESS,RD,
HARBOR,RD,
HARDING,RD,
HICKS,RD,
HILLCREST,RD,
HOWARD,RD,
HUNTER,RD,
INCINERATOR,RD,
KISKA,RD,
MACALLA,RD,
MCLAREN LODGE ACCESS,RD,
MERCHANT,RD,
METSON,RD,
MIDDLE POINT,RD,
MILLER,RD,
MILLWRIGHT COTTAGE ACCESS,RD,
MUSIC CONCOURSE ACCESS,RD,
NAUMAN,RD,
NAVY,RD,
NORTH GATE,RD,
NORTHRIDGE,RD,
OAK ACCESS,RD,
OLYMPIC COUNTRY CLUB,RD,
PATTEN,RD,
POPE,RD,
QUARRY,RD,
REARDON,RD,
RECYCLE,RD,
RECYCLING CENTER ACCESS,RD,
ROD,RD,
SCHOFIELD,RD,
SHAFTER,RD,
SHERMAN,RD,
SIBLEY,RD,
SIGNAL,RD,
SOUTH GATE,RD,
STERNBERG,RD,
STILWELL,RD,
TAYLOR,RD,
THORNBURG,RD,
TREASURE ISLAND,RD,
UPPER SERVICE,RD,
WEST,RD,
WEST POINT,RD,
YACHT,RD,
YERBA BUENA,RD,
ZOO,RD,
SAN FRANCISCO GOLF CLUB,RD,
COTTAGE,ROW,
01ST,ST,
01ST TI,ST,
02ND,ST,
02ND TI,ST,
03RD,ST,
03RD TI,ST,
04TH,ST,
04TH TI,ST,
05TH,ST,
05TH TI,ST,
06TH,ST,
06TH TI,ST,
07TH,ST,
08TH,ST,
08TH TI,ST,
09TH,ST,
09TH TI,ST,
10TH,ST,
10TH TI,ST,
11TH,ST,
11TH TI,ST,
12TH,ST,
12TH TI,ST,
13TH,ST,
13TH TI,ST,
14TH,ST,
14TH TI,ST,
15TH,ST,
16TH,ST,
17TH,ST,
18TH,ST,
19TH,ST,
20TH,ST,
21ST,ST,
22ND,ST,
23RD,ST,
24TH,ST,
25TH,ST,
26TH,ST,
27TH,ST,
28TH,ST,
29TH,ST,
30TH,ST,
31ST,ST,
A,ST,
ABBEY,ST,
ACACIA,ST,
ACADIA,ST,
ACTON,ST,
ADAIR,ST,
ADAM,ST,
ADDISON,ST,
ALABAMA,ST,
ALAMEDA,ST,
ALBERTA,ST,
ALBION,ST,
ALDER,ST,
ALHAMBRA,ST,
ALLEN,ST,
ALLISON,ST,
ALMA,ST,
ALPHA,ST,
ALTA,ST,
ALVARADO,ST,
ALVISO,ST,
ALVORD,ST,
AMADOR,ST,
AMBROSE BIERCE,ST,
AMES,ST,
AMHERST,ST,
ANDERSON,ST,
ANDOVER,ST,
ANDREW,ST,
ANKENY,ST,
ANNIE,ST,
ANTHONY,ST,
ANTONIO,ST,
ANZA,ST,
APOLLO,ST,
APPLETON,ST,
ARAGO,ST,
ARBOR,ST,
ARCH,ST,
ARKANSAS,ST,
ARLINGTON,ST,
ASH,ST,
ASHBURY,ST,
ATHENS,ST,
AUBURN,ST,
AUGUSTA,ST,
AUSTIN,ST,
AVERY,ST,
AVILA,ST,
AZTEC,ST,
BACHE,ST,
BACON,ST,
BADEN,ST,
BADGER,ST,
BAKER,ST,
BALANCE,ST,
BALBOA,ST,
BALMY,ST,
BANK,ST,
BANKS,ST,
BANNOCK,ST,
BARTLETT,ST,
BARTOL,ST,
BATTERY,ST,
BAY,ST,
BAY VIEW,ST,
BEACH,ST,
BEACON,ST,
BEALE,ST,
BEAVER,ST,
BECKETT,ST,
BEIDEMAN,ST,
BELCHER,ST,
BELDEN,ST,
BELLES,ST,
BELVEDERE,ST,
BEMIS,ST,
BENNINGTON,ST,
BEPLER,ST,
BERNARD,ST,
BERNICE,ST,
BERRY,ST,
BERRY EXTENSION,ST,
BERTITA,ST,
BESSIE,ST,
BEULAH,ST,
BEVERLY,ST,
BIRCH,ST,
BIRD,ST,
BISHOP,ST,
BLAKE,ST,
BLANCHE,ST,
BLANDY,ST,
BLUXOME,ST,
BOALT,ST,
BOCANA,ST,
BONIFACIO,ST,
BONITA,ST,
BONVIEW,ST,
BORICA,ST,
BOSWORTH,ST,
BOUTWELL,ST,
BOWDOIN,ST,
BOWLEY,ST,
BOYD,ST,
BOYLSTON,ST,
BRADFORD,ST,
BRADY,ST,
BRANNAN,ST,
BREWSTER,ST,
BRIGHT,ST,
BRITTON,ST,
BROAD,ST,
BRODERICK,ST,
BRONTE,ST,
BROOK,ST,
BROOKS,ST,
BROSNAN,ST,
BROWN,ST,
BRUNSWICK,ST,
BRUSSELS,ST,
BRYANT,ST,
BUCHANAN,ST,
BURGOYNE,ST,
BURRITT,ST,
BURROWS,ST,
BUSH,ST,
BYXBEE,ST,
C,ST,
CABRILLO,ST,
CALEDONIA,ST,
CALGARY,ST,
CALIFORNIA,ST,
CAMBRIDGE,ST,
CAMP,ST,
CANBY,ST,
CAPP,ST,
CARL,ST,
CARMEL,ST,
CARMELITA,ST,
CAROLINA,ST,
CARR,ST,
CARRIE,ST,
CARRIZAL,ST,
CARSON,ST,
CARTER,ST,
CARVER,ST,
CASE,ST,
CASHMERE,ST,
CASTILLO,ST,
CASTLE,ST,
CASTRO,ST,
CATALINA,ST,
CEDAR,ST,
CERES,ST,
CESAR CHAVEZ,ST,
CHANNEL,ST,
CHAPMAN,ST,
CHARLES,ST,
CHATTANOOGA,ST,
CHENERY,ST,
CHERRY,ST,
CHESLEY,ST,
CHESTNUT,ST,
CHILD,ST,
CHINA BASIN,ST,
CHURCH,ST,
CLARA,ST,
CLARKE,ST,
CLARKSON,ST,
CLAY,ST,
CLAYTON,ST,
CLEMENT,ST,
CLEMENTINA,ST,
CLEVELAND,ST,
CLIPPER,ST,
CLOVER,ST,
CLYDE,ST,
COCHRANE,ST,
COLBY,ST,
COLE,ST,
COLEMAN,ST,
COLERIDGE,ST,
COLIN P KELLY JR,ST,
COLLINGWOOD,ST,
COLLINS,ST,
COLTON,ST,
COLUMBIA SQUARE,ST,
COMERFORD,ST,
COMMERCIAL,ST,
CONCORD,ST,
CONGDON,ST,
CONGO,ST,
CONKLING,ST,
CONNECTICUT,ST,
CONRAD,ST,
CONVERSE,ST,
COOK,ST,
CORA,ST,
CORDELIA,ST,
CORDOVA,ST,
CORNWALL,ST,
CORONA,ST,
CORONADO,ST,
CORWIN,ST,
COSGROVE,ST,
COSTA,ST,
COTTER,ST,
COWLES,ST,
CRANE,ST,
CRAUT,ST,
CROOK,ST,
CROSS,ST,
CRYSTAL,ST,
CUMBERLAND,ST,
CURTIS,ST,
CUSHMAN,ST,
CUVIER,ST,
CYPRESS,ST,
CYRIL MAGNIN,ST,
D,ST,
DAGGETT,ST,
DAKOTA,ST,
DANTON,ST,
DANVERS,ST,
DARTMOUTH,ST,
DASHIELL HAMMETT,ST,
DAVIS,ST,
DAY,ST,
DE BOOM,ST,
DE HARO,ST,
DE LONG,ST,
DE SOTO,ST,
DE WOLF,ST,
DEARBORN,ST,
DECATUR,ST,
DEHON,ST,
DEL MONTE,ST,
DELANCEY,ST,
DELAWARE,ST,
DELMAR,ST,
DELTA,ST,
DEMING,ST,
DERBY,ST,
DESMOND,ST,
DETROIT,ST,
DIAMOND,ST,
DIANA,ST,
DICKINSON,ST,
DIGBY,ST,
DIVISADERO,ST,
DIVISION,ST,
DOCK,ST,
DODGE,ST,
DOLORES,ST,
DONAHUE,ST,
DORE,ST,
DORLAND,ST,
DOUBLE ROCK,ST,
DOUGLASS,ST,
DOWNEY,ST,
DRAKE,ST,
DRUMM,ST,
DUBLIN,ST,
DUNCAN,ST,
DUNSHEE,ST,
DUNSMUIR,ST,
DWIGHT,ST,
E,ST,
EAGLE,ST,
EARL,ST,
EASTMAN,ST,
ECKER,ST,
EDDY,ST,
EDINBURGH,ST,
EDITH,ST,
EDNA,ST,
EDWARD,ST,
EL DORADO,ST,
ELDRIDGE,ST,
ELIZABETH,ST,
ELK,ST,
ELLERT,ST,
ELLIOT,ST,
ELLIS,ST,
ELLSWORTH,ST,
ELM,ST,
ELMIRA,ST,
ELSIE,ST,
ELWOOD,ST,
EMERSON,ST,
EMMA,ST,
ENGLISH,ST,
ENTERPRISE,ST,
ERIE,ST,
ERVINE,ST,
ESPANOLA,ST,
ESSEX,ST,
EUREKA,ST,
EVE,ST,
EVERSON,ST,
EXETER,ST,
FAIR OAKS,ST,
FAIRBANKS,ST,
FAIRMOUNT,ST,
FAITH,ST,
FALMOUTH,ST,
FARALLONES,ST,
FARNUM,ST,
FEDERAL,ST,
FELL,ST,
FELTON,ST,
FERN,ST,
FERNANDEZ,ST,
FIELDING,ST,
FIFTH,ST,
FILBERT,ST,
FILLMORE,ST,
FITCH,ST,
FLINT,ST,
FLORA,ST,
FLORENCE,ST,
FLORIDA,ST,
FLOURNOY,ST,
FLOWER,ST,
FOERSTER,ST,
FOLSOM,ST,
FORD,ST,
FOUNTAIN,ST,
FRANCIS,ST,
FRANCISCO,ST,
FRANCONIA,ST,
FRANK NORRIS,ST,
FRANKLIN,ST,
FREDERICK,ST,
FREELON,ST,
FREMONT,ST,
FRESNO,ST,
FRIEDELL,ST,
FRONT,ST,
FULTON,ST,
GAMBIER,ST,
GARDEN,ST,
GARFIELD,ST,
GATES,ST,
GAVEN,ST,
GEARY,ST,
GENNESSEE,ST,
GEORGIA,ST,
GERMANIA,ST,
GETZ,ST,
GIBB,ST,
GILBERT,ST,
GILROY,ST,
GIRARD,ST,
GLADYS,ST,
GLENDALE,ST,
GLOVER,ST,
GODEUS,ST,
GOETHE,ST,
GOETTINGEN,ST,
GOLD,ST,
GORDON,ST,
GORHAM,ST,
GOUGH,ST,
GOULD,ST,
GRACE,ST,
GRAHAM,ST,
GRATTAN,ST,
GREEN,ST,
GREENWICH,ST,
GRIFFITH,ST,
GROVE,ST,
GUERRERO,ST,
GUTTENBERG,ST,
H,ST,
HAHN,ST,
HAIGHT,ST,
HALE,ST,
HALLAM,ST,
HALLECK,ST,
HAMILTON,ST,
HAMLIN,ST,
HAMPSHIRE,ST,
HANCOCK,ST,
HANGAH,ST,
HANOVER,ST,
HARE,ST,
HARLOW,ST,
HARPER,ST,
HARRIET,ST,
HARRINGTON,ST,
HARRISON,ST,
HARRY,ST,
HARTFORD,ST,
HARVARD,ST,
HATTIE,ST,
HAVELOCK,ST,
HAVENS,ST,
HAWES,ST,
HAWTHORNE,ST,
HAYES,ST,
HAYS,ST,
HAYWARD,ST,
HEAD,ST,
HELEN,ST,
HELENA,ST,
HEMLOCK,ST,
HENRY,ST,
HENRY ADAMS,ST,
HERMANN,ST,
HERON,ST,
HICKORY,ST,
HIGH,ST,
HILL,ST,
HILTON,ST,
HITCHCOCK,ST,
HOFF,ST,
HOFFMAN,ST,
HOLLIS,ST,
HOLYOKE,ST,
HOMER,ST,
HOMESTEAD,ST,
HOOPER,ST,
HORACE,ST,
HOUSTON,ST,
HOWARD,ST,
HOWTH,ST,
HUBBELL,ST,
HUGO,ST,
HUMBOLDT,ST,
HUNT,ST,
HUNTER,ST,
HUSSEY,ST,
HYDE,ST,
I,ST,
ILLINOIS,ST,
INDIA,ST,
INDIANA,ST,
INDUSTRIAL,ST,
INGALLS,ST,
IOWA,ST,
IRVING,ST,
IRWIN,ST,
ISIS,ST,
ISLAIS,ST,
IVY,ST,
J,ST,
JACKSON,ST,
JANSEN,ST,
JAUSS,ST,
JAVA,ST,
JEFFERSON,ST,
JENNINGS,ST,
JERSEY,ST,
JESSIE,ST,
JESSIE EAST,ST,
JESSIE WEST,ST,
JEWETT,ST,
JOHN,ST,
JOHN MAHER,ST,
JOICE,ST,
JONES,ST,
JOY,ST,
JUDAH,ST,
JULIA,ST,
JULIUS,ST,
JUNIPER,ST,
JURI,ST,
KALMANOVITZ,ST,
KANSAS,ST,
KATE,ST,
KEARNY,ST,
KEITH,ST,
KENT,ST,
KERN,ST,
KING,ST,
KINGSTON,ST,
KINZEY,ST,
KIRKHAM,ST,
KISSLING,ST,
LAFAYETTE,ST,
LAGUNA,ST,
LAIDLEY,ST,
LAKE,ST,
LAMARTINE,ST,
LANDERS,ST,
LANE,ST,
LANGTON,ST,
LANSING,ST,
LAPIDGE,ST,
LAPU-LAPU,ST,
LARCH,ST,
LARKIN,ST,
LASKIE,ST,
LATONA,ST,
LAURA,ST,
LAUREL,ST,
LAUSSAT,ST,
LAWTON,ST,
LEAVENWORTH,ST,
LEDYARD,ST,
LEESE,ST,
LEIDESDORFF,ST,
LEO,ST,
LESSING,ST,
LEVANT,ST,
LEXINGTON,ST,
LIBERTY,ST,
LIEBIG,ST,
LILAC,ST,
LILLIAN,ST,
LILY,ST,
LINDA,ST,
LINDEN,ST,
LISBON,ST,
LIVINGSTON,ST,
LLOYD,ST,
LOBOS,ST,
LOCKWOOD,ST,
LOCUST,ST,
LOEHR,ST,
LOMBARD,ST,
LONDON,ST,
LONG BRIDGE,ST,
LOOMIS,ST,
LOUISBURG,ST,
LOUISIANA,ST,
LOWELL,ST,
LOWER FORT MASON,ST,
LUCERNE,ST,
LUCKY,ST,
LUCY,ST,
LUNDEEN,ST,
LURLINE,ST,
LUSK,ST,
LYELL,ST,
LYNCH,ST,
LYON,ST,
LYSETTE,ST,
MABINI,ST,
MACEDONIA,ST,
MADERA,ST,
MADISON,ST,
MADRID,ST,
MAGNOLIA,ST,
MAHAN,ST,
MAIN,ST,
MANCHESTER,ST,
MANSEAU,ST,
MANSELL,ST,
MANSFIELD,ST,
MAPLE,ST,
MARENGO,ST,
MARIN,ST,
MARIPOSA,ST,
MARKET,ST,
MARS,ST,
MARSHALL,ST,
MARSILY,ST,
MARTINEZ,ST,
MARY,ST,
MARY TERESA,ST,
MARYLAND,ST,
MASON,ST,
MASSACHUSETTS,ST,
MASSASOIT,ST,
MATEO,ST,
MAULDIN,ST,
MAYFLOWER,ST,
MAYNARD,ST,
MCALLISTER,ST,
MCCANN,ST,
MCCOPPIN,ST,
MCCORMICK,ST,
MCDONALD,ST,
MCRAE,ST,
MENDELL,ST,
MERCHANT,ST,
MERCURY,ST,
MERLIN,ST,
MERRILL,ST,
MERRIMAC,ST,
MERRITT,ST,
MERSEY,ST,
MESA,ST,
MICHIGAN,ST,
MIDWAY,ST,
MIGUEL,ST,
MILES,ST,
MILEY,ST,
MILL,ST,
MILTON,ST,
MILTON I ROSS,ST,
MINERVA,ST,
MINNA,ST,
MINNESOTA,ST,
MINT,ST,
MISSION,ST,
MISSION ROCK,ST,
MISSISSIPPI,ST,
MISSOURI,ST,
MISTRAL,ST,
MIZPAH,ST,
MOFFITT,ST,
MOJAVE,ST,
MONO,ST,
MONTANA,ST,
MONTCALM,ST,
PARK,ST,
MONTEZUMA,ST,
MONTGOMERY,ST,
MONTICELLO,ST,
MORAGA,ST,
MORELAND,ST,
MORRELL,ST,
MORRIS,ST,
MORSE,ST,
MORTON,ST,
MOSCOW,ST,
MOSS,ST,
MOULTON,ST,
MOULTRIE,ST,
MUNICH,ST,
MURRAY,ST,
MYRTLE,ST,
NAPLES,ST,
NAPOLEON,ST,
NATICK,ST,
NATOMA,ST,
NAYLOR,ST,
NEBRASKA,ST,
NELLIE,ST,
NEPTUNE,ST,
NEVADA,ST,
NEW MONTGOMERY,ST,
NEWBURG,ST,
NEWELL,ST,
NEWHALL,ST,
NEWMAN,ST,
NEWTON,ST,
NEY,ST,
NOE,ST,
NORDHOFF,ST,
NORFOLK,ST,
NORIEGA,ST,
NORTH POINT,ST,
NORTON,ST,
NORWICH,ST,
OAK,ST,
OAK GROVE,ST,
OAKWOOD,ST,
OCTAVIA,ST,
OFARRELL,ST,
OLD MASON,ST,
OLIVE,ST,
OLIVER,ST,
OLMSTEAD,ST,
ORD,ST,
ORDWAY,ST,
ORTEGA,ST,
OTIS,ST,
OWEN,ST,
OWENS,ST,
OXFORD,ST,
PACHECO,ST,
PAGE,ST,
PANAMA,ST,
PARIS,ST,
PARSONS,ST,
PASADENA,ST,
PATTERSON,ST,
PATTON,ST,
PAULDING,ST,
PAYSON,ST,
PEABODY,ST,
PEARL,ST,
PENA,ST,
PENNINGTON,ST,
PERRY,ST,
PFEIFFER,ST,
PHELPS,ST,
PIEDMONT,ST,
PIERCE,ST,
PINE,ST,
PIOCHE,ST,
PIXLEY,ST,
PLAZA,ST,
PLEASANT,ST,
PLUM,ST,
POLK,ST,
POLLOCK,ST,
POMONA,ST,
POND,ST,
PONTIAC,ST,
POPE,ST,
POPLAR,ST,
PORTER,ST,
PORTOLA,ST,
POST,ST,
POTOMAC,ST,
POWELL,ST,
PRADO,ST,
PRAGUE,ST,
PRENTISS,ST,
PRIEST,ST,
PRINCETON,ST,
PROGRESS,ST,
PROSPER,ST,
PUEBLO,ST,
PUTNAM,ST,
QUANE,ST,
QUINCY,ST,
QUINT,ST,
QUINTARA,ST,
R,ST,
RALEIGH,ST,
RALSTON,ST,
RAMSELL,ST,
RANDALL,ST,
RANDOLPH,ST,
RANKIN,ST,
RAUSCH,ST,
RAWLES,ST,
RAYBURN,ST,
REDDY,ST,
REDONDO,ST,
REDWOOD,ST,
REED,ST,
REGENT,ST,
RESERVOIR,ST,
REY,ST,
RHINE,ST,
RHODE ISLAND,ST,
RICE,ST,
RICKARD,ST,
RINCON,ST,
RINGOLD,ST,
RIO VERDE,ST,
RIPLEY,ST,
RITCH,ST,
RIVERA,ST,
RIVOLI,ST,
RIZAL,ST,
ROACH,ST,
ROANOKE,ST,
ROBINSON,ST,
ROCKLAND,ST,
RODGERS,ST,
RODRIGUEZ,ST,
ROLPH,ST,
ROMAIN,ST,
ROME,ST,
ROMOLO,ST,
ROSCOE,ST,
ROSE,ST,
ROSENKRANZ,ST,
ROTTECK,ST,
ROUSSEAU,ST,
RUGER,ST,
RUSS,ST,
RUSSELL,ST,
RUTH,ST,
RUTLAND,ST,
RUTLEDGE,ST,
SACRAMENTO,ST,
SADOWA,ST,
SAGAMORE,ST,
SAL,ST,
SALMON,ST,
SAMOSET,ST,
SAN CARLOS,ST,
SAN MIGUEL,ST,
SANCHES,ST,
SANCHEZ,ST,
SANSOME,ST,
SANTA MARINA,ST,
SANTIAGO,ST,
SANTOS,ST,
SARGENT,ST,
SATURN,ST,
SAUL,ST,
SAWYER,ST,
SCHWERIN,ST,
SCOTLAND,ST,
SCOTT,ST,
SEARS,ST,
SELBY,ST,
SERGEANT JOHN V YOUNG,ST,
SERVICE,ST,
SEVERN,ST,
SEVILLE,ST,
SEWARD,ST,
SEYMOUR,ST,
SHAKESPEARE,ST,
SHANNON,ST,
SHARON,ST,
SHERIDAN,ST,
SHERMAN,ST,
SHIELDS,ST,
SHIP,ST,
SHIPLEY,ST,
SHORT,ST,
SHOTWELL,ST,
SHRADER,ST,
SIERRA,ST,
SILLIMAN,ST,
SIXTH,ST,
SOMERSET,ST,
SONOMA,ST,
SPARROW,ST,
SPARTA,ST,
SPEAR,ST,
SPENCER,ST,
SPOFFORD,ST,
SPRING,ST,
SPRUCE,ST,
STANFORD,ST,
STANLEY,ST,
STANTON,ST,
STANYAN,ST,
STARK,ST,
STATES,ST,
STEINER,ST,
STERLING,ST,
STEUART,ST,
STEUBEN,ST,
STEVENSON,ST,
STILL,ST,
STILLMAN,ST,
STOCKTON,ST,
STONE,ST,
STONEMAN,ST,
STORRIE,ST,
STRIPED BASS,ST,
STURGEON,ST,
SUMMIT,ST,
SUMNER,ST,
SURREY,ST,
SUSSEX,ST,
SUTTER,ST,
SWEENY,ST,
SYCAMORE,ST,
TACOMA,ST,
TALBERT,ST,
TARA,ST,
TARAVAL,ST,
TAYLOR,ST,
TEHAMA,ST,
TEMPLE,ST,
TENNESSEE,ST,
TEVIS,ST,
TEXAS,ST,
THERESA,ST,
THRIFT,ST,
TINGLEY,ST,
TODD,ST,
TOLAND,ST,
TONQUIN,ST,
TOUCHARD,ST,
TOWNSEND,ST,
TRAINOR,ST,
TRENTON,ST,
TRINITY,ST,
TRUBY,ST,
TRUETT,ST,
TRUMBULL,ST,
TUBBS,ST,
TULANE,ST,
TULARE,ST,
TURK,ST,
ULLOA,ST,
UNION,ST,
UNIVERSITY,ST,
UPTON,ST,
UTAH,ST,
VALENCIA,ST,
VALLEJO,ST,
VALLEY,ST,
VALPARAISO,ST,
VAN BUREN,ST,
VANDEWATER,ST,
VARA,ST,
VARENNES,ST,
VEGA,ST,
VENUS,ST,
VERMONT,ST,
VERNA,ST,
VERNON,ST,
VESTA,ST,
VICENTE,ST,
VICKSBURG,ST,
VICTORIA,ST,
VIENNA,ST,
VIRGIL,ST,
VON SCHMIDT,ST,
WALBRIDGE,ST,
WALLEN,ST,
WALLER,ST,
WALNUT,ST,
WALTER,ST,
WALTHAM,ST,
WANDA,ST,
WARD,ST,
WARE,ST,
WASHBURN,ST,
WASHINGTON,ST,
WATER,ST,
WATERLOO,ST,
WATERVILLE,ST,
WAWONA,ST,
WAYLAND,ST,
WEBSTER,ST,
WEDEMEYER,ST,
WELDON,ST,
WELSH,ST,
WEST CLAY,ST,
WEST HALLECK,ST,
WETMORE,ST,
WHEAT,ST,
WHITE,ST,
WHITING,ST,
WHITNEY,ST,
WHITTIER,ST,
WIESE,ST,
WILDER,ST,
WILLARD,ST,
WILLOW,ST,
WILLS,ST,
WILMOT,ST,
WILSON,ST,
WINFIELD,ST,
WINTHROP,ST,
WISCONSIN,ST,
WOOD,ST,
WOODWARD,ST,
WOOL,ST,
WOOLSEY,ST,
WORDEN,ST,
WORTH,ST,
WRIGHT,ST,
YALE,ST,
YORBA,ST,
YORK,ST,
YOUNG,ST,
YUKON,ST,
ZOE,ST,
LAKE MERCED HILL,ST,NORTH
WILLARD,ST,NORTH
LAKE MERCED HILL,ST,SOUTH
ZANOWITZ,ST,
EL DORADO,ST,NORTH
EL DORADO,ST,SOUTH
WATERFRONT,ST,
WHIPPLE,ST,
LINDA VISTA,STPS,
RESTANI,STWY,
VULCAN,STWY,
ALADDIN,TER,
ALPINE,TER,
ALTA VISTA,TER,
ANNAPOLIS,TER,
ASHBURY,TER,
ATALAYA,TER,
BLAIR,TER,
BRET HARTE,TER,
BRICE,TER,
BRUMISS,TER,
BUENA VISTA,TER,
CAIRE,TER,
CALHOUN,TER,
CHABOT,TER,
CLIFFORD,TER,
CLIPPER,TER,
COLLEGE,TER,
CROWN,TER,
CULEBRA,TER,
DIAMOND COVE,TER,
DOLORES,TER,
DORADO,TER,
EAST CRYSTAL COVE,TER,
EWING,TER,
FONTINELLA,TER,
GARNETT,TER,
GRAND VIEW,TER,
GRAYSTONE,TER,
GRENARD,TER,
HABITAT,TER,
HASTINGS,TER,
HEMWAY,TER,
HIDALGO,TER,
INFANTRY,TER,
JUNIOR,TER,
KITTREDGE,TER,
LA FERRERA,TER,
LEONA,TER,
LITTLEFIELD,TER,
LOMA VISTA,TER,
LONE MOUNTAIN,TER,
LOWER,TER,
LOYOLA,TER,
LURMONT,TER,
MILAN,TER,
MONTCLAIR,TER,
NORMANDIE,TER,
OCEANVIEW,TER,
OTTER COVE,TER,
PARAMOUNT,TER,
PELICAN COVE,TER,
PEREGO,TER,
PHOENIX,TER,
PRESIDIO,TER,
RADIO,TER,
RAYCLIFF,TER,
ROSELYN,TER,
SALA,TER,
SEA VIEW,TER,
SEAL COVE,TER,
SHELDON,TER,
SUNNYSIDE,TER,
TAMALPAIS,TER,
TEMESCAL,TER,
TURNER,TER,
UPPER,TER,
URANUS,TER,
VALMAR,TER,
VILLA,TER,
VINE,TER,
WABASH,TER,
WEST CRYSTAL COVE,TER,
ROBERT C LEVY,TUNL,
STOCKTON,TUNL,
CASCADE,WALK,
CRESTWELL,WALK,
ENCINAL,WALK,
TERRACE,WALK,
AERIAL,WAY,
AGUA,WAY,
AHERN,WAY,
ALANA,WAY,
ALLSTON,WAY,
ALTA MAR,WAY,
AMETHYST,WAY,
APPAREL,WAY,
AQUAVISTA,WAY,
ARCO,WAY,
ARDENWOOD,WAY,
ARROYO,WAY,
AVOCET,WAY,
AVON,WAY,
BALTIMORE,WAY,
BANNEKER,WAY,
BELLA VISTA,WAY,
BERKELEY,WAY,
BERKSHIRE,WAY,
BERNICE RODGERS,WAY,
BRIDGEVIEW,WAY,
BROTHERHOOD,WAY,
BUCKINGHAM,WAY,
CAMEO,WAY,
CAMERON,WAY,
CAMPUS,WAY,
CANDLESTICK COVE,WAY,
CAPRA,WAY,
CARGO,WAY,
CARNELIAN,WAY,
CASA,WAY,
CHICAGO,WAY,
CITYVIEW,WAY,
CLIPPER COVE,WAY,
COLLEEN,WAY,
COLONIAL,WAY,
CONSTANSO,WAY,
CONTINUUM,WAY,
CRESCENT,WAY,
DALEWOOD,WAY,
DARIEN,WAY,
DAWNVIEW,WAY,
DE FOREST,WAY,
DEVONSHIRE,WAY,
DON CHEE,WAY,
DORCAS,WAY,
DORCHESTER,WAY,
EDGEHILL,WAY,
EL PLAZUELA,WAY,
EL VERANO,WAY,
ELMWOOD,WAY,
EMERALD COVE,WAY,
ESCOLTA,WAY,
EVELYN,WAY,
FAIRFIELD,WAY,
FANNING,WAY,
FRESNEL,WAY,
GABILAN,WAY,
GARDEN,WAY,
GAVIOTA,WAY,
GENE FRIEND,WAY,
GENEBERN,WAY,
GLADEVIEW,WAY,
GRANVILLE,WAY,
HARNEY,WAY,
JUANITA,WAY,
IRONWOOD,WAY,
ISOLA,WAY,
JACK BALESTRERI,WAY,
JEAN,WAY,
KENSINGTON,WAY,
KENWOOD,WAY,
KEYSTONE,WAY,
KNOLLVIEW,WAY,
KORET,WAY,
LA BICA,WAY,
LAPHAM,WAY,
LENOX,WAY,
LINCOLN,WAY,
LUNADO,WAY,
MALLORCA,WAY,
MARVIEW,WAY,
MEDICAL CENTER,WAY,
MERCEDES,WAY,
MERRIE,WAY,
MIDCREST,WAY,
MIRANDO,WAY,
MONCADA,WAY,
MONETA,WAY,
MONUMENT,WAY,
MUSEUM,WAY,
MYRA,WAY,
NICHOLS,WAY,
OHLONE,WAY,
OLYMPIA,WAY,
OMAR,WAY,
ORA,WAY,
ORIOLE,WAY,
ORTEGA,WAY,
PETER YORKE,WAY,
PINEHURST,WAY,
PIZARRO,WAY,
POLARIS,WAY,
PRETOR,WAY,
QUARTZ,WAY,
RED ROCK,WAY,
REPOSA,WAY,
RESTANI,WAY,
RETIRO,WAY,
RICO,WAY,
ROEMER,WAY,
ROOSEVELT,WAY,
SAINT ELMO,WAY,
SAN ANDREAS,WAY,
SAN BENITO,WAY,
SAN BUENAVENTURA,WAY,
SAN FERNANDO,WAY,
SAN JACINTO,WAY,
SAN LEANDRO,WAY,
SAN LORENZO,WAY,
SAN RAFAEL,WAY,
SAN RAMON,WAY,
SANDPIPER COVE,WAY,
SANTA MONICA,WAY,
SCENIC,WAY,
SELMA,WAY,
SEQUOIA,WAY,
SKYVIEW,WAY,
STARR KING,WAY,
STARVIEW,WAY,
SUMMIT,WAY,
SUNRISE,WAY,
SYDNEY,WAY,
THOMAS MORE,WAY,
THORNE,WAY,
TOLEDO,WAY,
TOPAZ,WAY,
TREAT,WAY,
TURQUOISE,WAY,
VERDUN,WAY,
WAITHMAN,WAY,
WATCHMAN,WAY,
WHITECLIFF,WAY,
WHITING,WAY,
WILDWOOD,WAY,
WINDING,WAY,
WINN,WAY,
AL SCOMA,WAY,
ODD FELLOWS,WAY,
FRIDA KAHLO,WAY,
WARRIORS,WAY,
SAM JORDANS,WAY,
JEFF ADACHI,WAY,
AVENUE B,,
AVENUE C,,
AVENUE D,,
AVENUE E,,
AVENUE F,,
AVENUE H,,
AVENUE I,,
AVENUE M,,
AVENUE N,,
AVENUE OF THE PALMS,,
BROADWAY,,
CANDLESTICK POINT SRA,,
CCSF PARKING LOT,,
CHANNEL,,
CHURCH PARKING LOT,,
EASEMENT,,
EL CAMINO DEL MAR,,
FORT MASON 10,,
FORT MASON 12,,
FORT MASON 13,,
FORT MASON 15,,
FORT MASON 16,,
FORT MASON 17,,
FORT MASON 18,,
FORT MASON 19,,
FORT MASON 20,,
FORT MASON 21,,
FORT MASON 8,,
FORT MASON 9,,
FORT MILEY 3,,
FORT MILEY 5,,
FORT MILEY 6,,
FORT MILEY 7,,
GGP ACCESS ROAD,,
HWY 1 NORTHBOUND,,
HWY 1 SOUTHBOUND,,
HWY 101 NORTHBOUND,,
HWY 101 SOUTHBOUND,,
I-280 NORTHBOUND,,
I-280 SOUTHBOUND,,
I-80 EASTBOUND,,
I-80 WESTBOUND,,
LA AVANZADA,,
LA PLAYA,,
LAKE MERCED HILL,,
LETTERMAN HOSPITAL ACCESS,,
SFGH ACCESS,,
SOUTH PARK,,
TANDANG SORA,,
THE EMBARCADERO,,
TOLL PLAZA TUNNEL,,
TRANSBAY HUMP,,
TRANSBAY LOOP,,
UNNAMED 009,,
UNNAMED 010,,
UNNAMED 011,,
UNNAMED 012,,
UNNAMED 014,,
UNNAMED 017,,
UNNAMED 018,,
UNNAMED 021,,
UNNAMED 024,,
UNNAMED 025,,
UNNAMED 026,,
UNNAMED 027,,
UNNAMED 030,,
UNNAMED 031,,
UNNAMED 032,,
UNNAMED 033,,
UNNAMED 034,,
UNNAMED 035,,
UNNAMED 036,,
UNNAMED 037,,
UNNAMED 038,,
UNNAMED 039,,
UNNAMED 040,,
UNNAMED 041,,
UNNAMED 042,,
UNNAMED 043,,
UNNAMED 044,,
UNNAMED 051,,
UNNAMED 052,,
UNNAMED 053,,
UNNAMED 064,,
UNNAMED 065,,
UNNAMED 068,,
UNNAMED 069,,
UNNAMED 070,,
UNNAMED 071,,
UNNAMED 075,,
UNNAMED 077,,
UNNAMED 078,,
UNNAMED 080,,
UNNAMED 083,,
UNNAMED 084,,
UNNAMED 087,,
UNNAMED 088,,
UNNAMED 090,,
UNNAMED 095,,
UNNAMED 096,,
UNNAMED 097,,
UNNAMED 098,,
UNNAMED 099,,
UNNAMED 100,,
UNNAMED 101,,
UNNAMED 105,,
UNNAMED 106,,
UNNAMED 107,,
UNNAMED 108,,
UNNAMED 112,,
UNNAMED 113,,
UNNAMED 115,,
UNNAMED 117,,
UNNAMED 119,,
UNNAMED 120,,
UNNAMED 124,,
UNNAMED 128,,
UNNAMED 129,,
UNNAMED 139,,
UNNAMED 142,,
UNNAMED 144,,
UNNAMED 145,,
UNNAMED 146,,
UNNAMED 148,,
UNNAMED 150,,
UNNAMED 151,,
UNNAMED 152,,
UNNAMED 153,,
UNNAMED 161,,
UNNAMED 163,,
UNNAMED 165,,
UNNAMED 185,,
UNNAMED 186,,
UNNAMED 187,,
UNNAMED 188,,
UNNAMED 2,,
VIA BUFANO,,
VIA FERLINGHETTI,,
WALKWAY,,
WEST BROADWAY,,
YELLOW CAB ACCESS ROAD,,
UNNAMED 190,,
UNNAMED 191,,
UNNAMED 193,,
UNNAMED 192,,
AVENUE G,,
LONG BRIDGE VARA,,
